C,1508
R,705
소프트웨어,653
Java,412
SQL,306
C++,229
하드웨어,203
Python,203
바이럴마케팅,167
HTML,159
펌웨어,158
컨텐츠개발,149
웹프로그래머,143
유지보수,139
포토샵,138
응용프로그래머,135
C#,128
인공지능,124
빅데이터,119
Linux,115
인공지능(AI),112
jsp,106
서버,105
PM,104
데이터분석,103
임베디드,101
쇼핑몰,100
MySQL,97
안드로이드,97
UI·UX,96
일러스트레이터,96
키워드광고,95
Oracle,93
온라인마케팅,88
정보보안,87
머신러닝,83
딥러닝,78
머신러닝(ML),77
웹기획,74
데이터베이스,72
.NET,71
컨텐츠관리,71
웹마케팅,68
QA,67
MS-SQL,65
아이폰,65
Application,64
네트워크엔지니어,63
UI·UX디자인,63
웹서비스기획,58
소셜마케팅,57
컨텐츠기획,55
시스템운영,54
영상편집,54
네트워크관리,54
시스템프로그래머,53
CSS,53
웹사이트운영,52
자바스크립트,50
모바일기획,47
제안·컨설팅,47
Windows,47
서버관리자,47
보안관리,45
VisualC,45
서버구축,44
보안기술,43
API,41
웹광고기획,40
전산전공,40
asp,40
스토리보드,39
DBA,38
VisualC++,36
시스템엔지니어,36
프리미어,35
UI설계,35
컨텐츠에디터,35
Embedded,33
모델링,33
시스템분석,33
PLC,33
php,32
HTML5,32
방화벽,30
웹프로모션,29
시스템설계,29
DSP,28
온라인게임,28
카페·블로그관리,28
HTML코딩,27
GUI,27
tensorflow,27
MFC,27
데이터마이닝,26
게임개발,25
웹UI,25
AJAX,24
FPGA,24
DW,23
게시판관리,23
모바일UI,23
WAS,22
3DMax,22
보안관제,21
통계·로그분석,21
웹퍼블리셔,21
캐릭터,20
자연어처리(NLP),20
자연어처리,20
테스터,19
요구분석,19
게임운영,18
증강현실,18
검증,17
SAP,17
CSS3,16
병역특례,15
e-Learning,15
게임기획,15
어셈블리,15
HMI,15
사용자평가,14
가상현실,14
Unix,14
VoIP,14
사물인터넷(IoT),13
사물인터넷,13
정보설계,12
하둡,12
게임디자인,12
리눅스,12
Servlet,12
ASP.NET,12
챗봇,12
콘솔게임,12
아케이드게임,12
하둡(Hadoop),12
캐주얼게임,11
챗봇(Chatbot),11
웹표준,10
Delphi,9
Sketch,9
MMI,9
플래쉬,9
보드게임,8
웹PD,8
Spark,8
OLAP,8
MiPlatform,8
C++Builder,8
CCNA,7
Cisco,7
클라이언트개발,7
VB.NET,7
게임시나리오,7
웹접근성,7
Pro-C,7
Hive,7
xml,6
파이널컷,6
DB2,6
LAN,6
mHTML,6
Apache,5
웹마스터,5
방송CG,5
C#Builder,5
SCJP,5
Helpdesk,5
모바일게임,5
베타테스트,4
WindowsMobile,4
WinForm,4
게임마케팅,4
MMORPG,4
DirectX,4
플래시APP,4
튜닝,4
PowerBuilder,4
APM,4
VisualBasic,3
OCP,3
드림위버,3
HDML,3
ABAP,2
POS,2
MCSE,2
인코딩,2
액션스크립트,2
Perl,2
IIS,2
VRML,2
Ruby,2
Win32,2
CTI,2
ActiveX,1
Sybase,1
EJB,1
RFID,1
Solaris,1
유닉스,1
전체,1
하드웨어강의,1
게임CS,1
아파치,1
게임음악효과음,0
wml,0
게임방송,0
cgi,0
프로그램강의,0
인터넷강의,0
OA강의,0
원화,0
디자인강의,0
프로게이머,0
